"1","19",NULL
"1","30",NULL
"1","42","3"
"1","91","2"
"1","128",NULL
"1","142",NULL
"1","169",NULL
"1","174",NULL
"1","186",NULL
"1","191",NULL
"1","197",NULL
"1","207",NULL
"1","208",NULL
"1","216",NULL
"1","219",NULL
"2","11","10"
"2","56",NULL
"2","71",NULL
"2","88","5"
"2","107",NULL
"2","117",NULL
"2","135",NULL
"2","138",NULL
"2","142",NULL
"2","176",NULL
"2","178",NULL
"2","227",NULL
"3","8",NULL
"3","12",NULL
"3","14","1"
"3","21",NULL
"3","24",NULL
"3","25",NULL
"3","27","3"
"3","29",NULL
"3","36",NULL
"3","52","5"
"3","57",NULL
"3","58",NULL
"3","60",NULL
"3","83",NULL
"3","84",NULL
"3","87",NULL
"3","94",NULL
"3","100",NULL
"3","101",NULL
"3","102",NULL
"3","104",NULL
"3","133",NULL
"3","139",NULL
"3","141",NULL
"3","148",NULL
"3","158",NULL
"3","171",NULL
"3","183",NULL
"3","195",NULL
"3","199",NULL
"3","217",NULL
"3","218",NULL
"3","228",NULL
"4","14","1"
"4","63",NULL
"4","73","6"
"4","154",NULL
"4","186",NULL
"4","187",NULL
"4","222",NULL
"5","4",NULL
"5","7",NULL
"5","46",NULL
"5","52",NULL
"5","54",NULL
"5","58",NULL
"5","61",NULL
"5","68",NULL
"5","73",NULL
"5","82",NULL
"5","92","4"
"5","99",NULL
"5","139",NULL
"5","148",NULL
"5","207",NULL
"5","211",NULL
"5","224",NULL
"5","226",NULL
"6","2",NULL
"6","4",NULL
"6","7",NULL
"6","10",NULL
"6","13",NULL
"6","43",NULL
"6","44",NULL
"6","46","7"
"6","48",NULL
"6","51",NULL
"6","55",NULL
"6","58","6"
"6","61",NULL
"6","68",NULL
"6","73",NULL
"6","77",NULL
"6","78",NULL
"6","82",NULL
"6","93",NULL
"6","97",NULL
"6","112",NULL
"6","127",NULL
"6","132",NULL
"6","134",NULL
"6","146",NULL
"6","149",NULL
"6","151",NULL
"6","152",NULL
"6","158",NULL
"6","162",NULL
"6","165",NULL
"6","166",NULL
"6","183",NULL
"6","189",NULL
"6","211",NULL
"6","215",NULL
"6","216",NULL
"6","224",NULL
"6","225",NULL
"6","226",NULL
"7","4",NULL
"7","6",NULL
"7","7",NULL
"7","9","3"
"7","12",NULL
"7","14","6"
"7","16",NULL
"7","25",NULL
"7","26",NULL
"7","31",NULL
"7","32",NULL
"7","37",NULL
"7","46",NULL
"7","63",NULL
"7","65",NULL
"7","77",NULL
"7","83",NULL
"7","87",NULL
"7","88",NULL
"7","91",NULL
"7","102",NULL
"7","107",NULL
"7","114",NULL
"7","120",NULL
"7","146",NULL
"7","148",NULL
"7","149",NULL
"7","158",NULL
"7","182",NULL
"7","195",NULL
"7","211",NULL
"7","216",NULL
"7","225",NULL
"8","20","7"
"8","28",NULL
"8","42","10"
"8","56","2"
"8","94","9"
"8","129",NULL
"8","151",NULL
"8","152",NULL
"8","155",NULL
"9","19",NULL
"9","47","6"
"9","76",NULL
"9","119",NULL
"9","169",NULL
"9","175",NULL
"9","177",NULL
"9","179",NULL
"9","186",NULL
"9","196",NULL
"9","197",NULL
"9","222",NULL
"10","5",NULL
"10","22","7"
"10","23",NULL
"10","47","10"
"10","50",NULL
"10","60",NULL
"10","78","7"
"10","84",NULL
"10","88","7"
"10","94",NULL
"10","101",NULL
"10","126",NULL
"10","130",NULL
"10","139",NULL
"10","141",NULL
"10","148",NULL
"10","149",NULL
"10","151",NULL
"10","152",NULL
"10","158",NULL
"10","183",NULL
"10","199",NULL
"11","32","10"
"11","40",NULL
"11","79",NULL
"11","80","8"
"11","98","2"
"11","100","1"
"11","155",NULL
"11","173",NULL
"11","175",NULL
"11","177",NULL
"11","192",NULL
"11","198",NULL
"11","200",NULL
"11","221",NULL
"11","223",NULL
"12","4",NULL
"12","33",NULL
"12","50",NULL
"12","78",NULL
"12","88",NULL
"12","108",NULL
"12","132",NULL
"12","151",NULL
"12","152",NULL
"12","201",NULL
"12","211",NULL
"12","225",NULL
"12","233",NULL
"13","7",NULL
"13","27",NULL
"13","37",NULL
"13","54",NULL
"13","62","5"
"13","85",NULL
"13","99",NULL
"13","104",NULL
"13","132",NULL
"13","134",NULL
"13","158",NULL
"13","165",NULL
"13","169",NULL
"13","207",NULL
"13","212",NULL
"13","224",NULL
"14","1",NULL
"14","12",NULL
"14","15",NULL
"14","29",NULL
"14","45",NULL
"14","64",NULL
"14","67",NULL
"14","68","6"
"14","69",NULL
"14","70",NULL
"14","71",NULL
"14","72",NULL
"14","81",NULL
"14","89",NULL
"14","98",NULL
"14","99","4"
"14","100",NULL
"14","105",NULL
"14","107",NULL
"14","109",NULL
"14","110",NULL
"14","114",NULL
"14","116",NULL
"14","117",NULL
"14","130",NULL
"14","133",NULL
"14","136",NULL
"14","141",NULL
"14","143",NULL
"14","147",NULL
"14","148",NULL
"14","160",NULL
"14","164",NULL
"14","168",NULL
"14","170",NULL
"14","173",NULL
"14","174",NULL
"14","179",NULL
"14","180",NULL
"14","181",NULL
"14","183",NULL
"14","184",NULL
"14","187",NULL
"14","189",NULL
"14","194",NULL
"14","195",NULL
"14","197",NULL
"14","199",NULL
"14","201",NULL
"14","202",NULL
"14","203",NULL
"14","204",NULL
"14","206",NULL
"14","208",NULL
"14","210",NULL
"14","214",NULL
"14","216",NULL
"14","223",NULL
"14","225",NULL
"14","227",NULL
"14","230",NULL
"14","234",NULL
"14","236",NULL
"15","12",NULL
"15","14",NULL
"15","20",NULL
"15","21","1"
"15","32","3"
"15","76","9"
"15","79",NULL
"15","83","5"
"15","92",NULL
"15","98","8"
"15","117",NULL
"15","135",NULL
"15","143",NULL
"15","144",NULL
"15","170",NULL
"15","171",NULL
"15","173",NULL
"15","174",NULL
"15","175",NULL
"15","176",NULL
"15","177",NULL
"15","178",NULL
"15","180",NULL
"15","181",NULL
"15","188",NULL
"15","192",NULL
"15","195",NULL
"15","198",NULL
"15","208",NULL
"15","212",NULL
"15","231",NULL
"16","58","10"
"16","67","2"
"16","71",NULL
"16","78","7"
"16","79",NULL
"16","80","9"
"16","86","4"
"16","135",NULL
"16","156",NULL
"16","168",NULL
"16","170",NULL
"16","173",NULL
"16","176",NULL
"16","177",NULL
"16","206",NULL
"16","221",NULL
"17","60","4"
"17","65","9"
"17","183",NULL
"18","2",NULL
"18","4",NULL
"18","5",NULL
"18","7",NULL
"18","27",NULL
"18","28",NULL
"18","37",NULL
"18","38",NULL
"18","40",NULL
"18","42",NULL
"18","44",NULL
"18","58",NULL
"18","62",NULL
"18","65","3"
"18","73",NULL
"18","77",NULL
"18","80",NULL
"18","83",NULL
"18","92",NULL
"18","95",NULL
"18","99",NULL
"18","102",NULL
"18","112",NULL
"18","114",NULL
"18","121",NULL
"18","126",NULL
"18","144",NULL
"18","149",NULL
"18","151",NULL
"18","152",NULL
"18","158",NULL
"18","166",NULL
"18","167",NULL
"18","171",NULL
"18","177",NULL
"18","183",NULL
"18","195",NULL
"18","199",NULL
"18","202",NULL
"18","209",NULL
"18","211",NULL
"18","212",NULL
"18","215",NULL
"18","216",NULL
"18","226",NULL
"18","232",NULL
"19","4",NULL
"19","7",NULL
"19","8",NULL
"19","10",NULL
"19","44",NULL
"19","48",NULL
"19","53",NULL
"19","54",NULL
"19","61",NULL
"19","66",NULL
"19","67","3"
"19","68",NULL
"19","73",NULL
"19","88",NULL
"19","94",NULL
"19","102",NULL
"19","105",NULL
"19","121",NULL
"19","132",NULL
"19","139",NULL
"19","146",NULL
"19","148",NULL
"19","158",NULL
"19","199",NULL
"19","209",NULL
"19","217",NULL
"19","226",NULL
"19","234",NULL
"19","237",NULL
"20","25","10"
"20","34","5"
"20","76",NULL
"20","82","9"
"20","87",NULL
"20","93",NULL
"20","109",NULL
"20","116",NULL
"20","126",NULL
"20","130",NULL
"20","149",NULL
"20","160",NULL
"20","169",NULL
"20","186",NULL
"20","190",NULL
"20","201",NULL
"20","216",NULL
"21","59","1"
"21","79",NULL
"21","86",NULL
"21","100","2"
"21","175",NULL
"21","176",NULL
"21","198",NULL
"22","2",NULL
"22","5",NULL
"22","12",NULL
"22","14",NULL
"22","15","2"
"22","23",NULL
"22","40",NULL
"22","41",NULL
"22","43",NULL
"22","46",NULL
"22","48",NULL
"22","65",NULL
"22","69",NULL
"22","76",NULL
"22","83",NULL
"22","86",NULL
"22","87",NULL
"22","89",NULL
"22","94",NULL
"22","103",NULL
"22","107",NULL
"22","113",NULL
"22","114",NULL
"22","120",NULL
"22","122",NULL
"22","124",NULL
"22","133",NULL
"22","140",NULL
"22","146",NULL
"22","147",NULL
"22","151",NULL
"22","152",NULL
"22","153",NULL
"22","158",NULL
"22","162",NULL
"22","170",NULL
"22","171",NULL
"22","177",NULL
"22","178",NULL
"22","180",NULL
"22","181",NULL
"22","182",NULL
"22","184",NULL
"22","185",NULL
"22","193",NULL
"22","195",NULL
"22","212",NULL
"22","216",NULL
"22","220",NULL
"22","223",NULL
"22","227",NULL
"22","228",NULL
"22","229",NULL
"22","236",NULL
"23","11",NULL
"23","15","10"
"23","22","3"
"23","23",NULL
"23","25",NULL
"23","26",NULL
"23","30","6"
"23","78",NULL
"23","83",NULL
"23","90","6"
"23","101",NULL
"23","125",NULL
"23","131",NULL
"23","141",NULL
"23","149",NULL
"23","205",NULL
"23","206",NULL
"23","228",NULL
"23","232",NULL
"23","236",NULL
"24","8",NULL
"24","37",NULL
"24","54",NULL
"24","73",NULL
"24","75","3"
"24","77",NULL
"24","78",NULL
"24","82",NULL
"24","85","2"
"24","99",NULL
"24","112",NULL
"24","134",NULL
"24","137",NULL
"24","165",NULL
"24","166",NULL
"24","209",NULL
"24","215",NULL
"24","216",NULL
"24","218",NULL
"24","226",NULL
"24","237",NULL
"25","10",NULL
"25","28",NULL
"25","38",NULL
"25","59",NULL
"25","85",NULL
"25","89","2"
"25","159",NULL
"25","164",NULL
"25","169",NULL
"25","199",NULL
"25","201",NULL
"25","216",NULL
"25","224",NULL
"26","12",NULL
"26","21",NULL
"26","29",NULL
"26","35",NULL
"26","40","6"
"26","72","5"
"26","74",NULL
"26","86",NULL
"26","92",NULL
"26","98","7"
"26","103",NULL
"26","105",NULL
"26","116",NULL
"26","154",NULL
"26","189",NULL
"26","198",NULL
"26","199",NULL
"26","206",NULL
"26","216",NULL
"26","225",NULL
"27","5",NULL
"27","6",NULL
"27","10",NULL
"27","11",NULL
"27","18","4"
"27","26",NULL
"27","45",NULL
"27","59",NULL
"27","63",NULL
"27","69",NULL
"27","73",NULL
"27","75",NULL
"27","82",NULL
"27","87",NULL
"27","89",NULL
"27","92",NULL
"27","95",NULL
"27","96","10"
"27","97","10"
"27","100",NULL
"27","101",NULL
"27","103",NULL
"27","104",NULL
"27","107",NULL
"27","109",NULL
"27","110",NULL
"27","112",NULL
"27","113",NULL
"27","115",NULL
"27","116",NULL
"27","117",NULL
"27","121",NULL
"27","122",NULL
"27","125",NULL
"27","132",NULL
"27","133",NULL
"27","134",NULL
"27","143",NULL
"27","147",NULL
"27","148",NULL
"27","149",NULL
"27","153",NULL
"27","156",NULL
"27","164",NULL
"27","177",NULL
"27","178",NULL
"27","183",NULL
"27","189",NULL
"27","190",NULL
"27","195",NULL
"27","199",NULL
"27","204",NULL
"27","206",NULL
"27","209",NULL
"27","214",NULL
"27","217",NULL
"27","225",NULL
"27","230",NULL
"27","232",NULL
"27","234",NULL
"27","236",NULL
"27","237",NULL
"27","238",NULL
"28","4","1"
"28","39","3"
"28","65","3"
"28","71",NULL
"28","77","9"
"28","78","10"
"28","79",NULL
"28","86",NULL
"28","90","10"
"28","100","5"
"28","135",NULL
"28","170",NULL
"28","173",NULL
"28","174",NULL
"28","176",NULL
"28","177",NULL
"28","181",NULL
"29","32","3"
"29","63",NULL
"29","76",NULL
"29","77","8"
"29","81",NULL
"29","90","8"
"29","91","4"
"29","92","8"
"29","93","9"
"29","130",NULL
"29","154",NULL
"29","202",NULL
"30","5",NULL
"30","8",NULL
"30","16","1"
"30","22",NULL
"30","23",NULL
"30","24","3"
"30","25",NULL
"30","36",NULL
"30","43",NULL
"30","54",NULL
"30","57","6"
"30","59","8"
"30","63",NULL
"30","69","6"
"30","83",NULL
"30","84",NULL
"30","97",NULL
"30","101",NULL
"30","102",NULL
"30","107",NULL
"30","125",NULL
"30","126",NULL
"30","131",NULL
"30","133",NULL
"30","141",NULL
"30","149",NULL
"30","158",NULL
"30","190",NULL
"30","199",NULL
"30","218",NULL
"30","226",NULL
"30","228",NULL
"31","5",NULL
"31","160",NULL
"31","188",NULL
"31","212",NULL
"32","5",NULL
"33","6",NULL
"33","7",NULL
"33","8",NULL
"33","17",NULL
"33","22",NULL
"33","23",NULL
"33","24",NULL
"33","25",NULL
"33","29",NULL
"33","37",NULL
"33","54",NULL
"33","83",NULL
"33","101",NULL
"33","102",NULL
"33","139",NULL
"33","148",NULL
"34","28",NULL
"34","36",NULL
"34","51",NULL
"34","58",NULL
"34","73",NULL
"34","82",NULL
"34","93",NULL
"34","134",NULL
"34","159",NULL
"34","169",NULL
"34","201",NULL
"34","207",NULL
"34","224",NULL
"34","226",NULL
"35","31",NULL
"35","75",NULL
"35","83",NULL
"35","84",NULL
"35","87",NULL
"35","88",NULL
"35","101",NULL
"35","126",NULL
"35","130",NULL
"35","132",NULL
"35","133",NULL
"35","139",NULL
"35","147",NULL
"35","148",NULL
"35","158",NULL
"35","190",NULL
"35","196",NULL
"35","202",NULL
"35","225",NULL
"35","238",NULL
"36","118",NULL
"36","126",NULL
"36","177",NULL
"36","187",NULL
"36","229",NULL
"37","26",NULL
"37","129",NULL
"37","186",NULL
"37","187",NULL
"37","197",NULL
"38","4",NULL
"38","5",NULL
"38","14",NULL
"38","21",NULL
"38","23",NULL
"38","25",NULL
"38","26",NULL
"38","29",NULL
"38","60",NULL
"38","63",NULL
"38","76",NULL
"38","83",NULL
"38","104",NULL
"38","107",NULL
"38","109",NULL
"38","114",NULL
"38","123",NULL
"38","125",NULL
"38","130",NULL
"38","131",NULL
"38","133",NULL
"38","139",NULL
"38","141",NULL
"38","148",NULL
"38","160",NULL
"38","187",NULL
"38","220",NULL
"38","232",NULL
"39","10",NULL
"40","30",NULL
"40","44",NULL
"40","50",NULL
"40","51",NULL
"40","108",NULL
"40","151",NULL
"40","152",NULL
"40","159",NULL
"40","169",NULL
"40","201",NULL
"40","203",NULL
"40","204",NULL
"40","210",NULL
"40","216",NULL
"40","225",NULL
"41","212",NULL
"42","1",NULL
"42","2",NULL
"42","5",NULL
"42","8",NULL
"42","12",NULL
"42","14",NULL
"42","17",NULL
"42","18",NULL
"42","20",NULL
"42","22",NULL
"42","23",NULL
"42","39",NULL
"42","40",NULL
"42","43",NULL
"42","48",NULL
"42","64",NULL
"42","69",NULL
"42","70",NULL
"42","73",NULL
"42","74",NULL
"42","78",NULL
"42","84",NULL
"42","86",NULL
"42","89",NULL
"42","91",NULL
"42","92",NULL
"42","93",NULL
"42","94",NULL
"42","100",NULL
"42","102",NULL
"42","103",NULL
"42","107",NULL
"42","109",NULL
"42","113",NULL
"42","114",NULL
"42","115",NULL
"42","117",NULL
"42","120",NULL
"42","124",NULL
"42","132",NULL
"42","140",NULL
"42","142",NULL
"42","146",NULL
"42","147",NULL
"42","150",NULL
"42","151",NULL
"42","152",NULL
"42","156",NULL
"42","159",NULL
"42","161",NULL
"42","162",NULL
"42","168",NULL
"42","177",NULL
"42","182",NULL
"42","183",NULL
"42","184",NULL
"42","185",NULL
"42","188",NULL
"42","189",NULL
"42","190",NULL
"42","192",NULL
"42","193",NULL
"42","194",NULL
"42","195",NULL
"42","198",NULL
"42","206",NULL
"42","207",NULL
"42","209",NULL
"42","212",NULL
"42","215",NULL
"42","216",NULL
"42","218",NULL
"42","223",NULL
"42","225",NULL
"42","226",NULL
"42","231",NULL
"42","233",NULL
"42","235",NULL
"42","236",NULL
"43","1",NULL
"43","2",NULL
"43","5",NULL
"43","8",NULL
"43","12",NULL
"43","14",NULL
"43","16",NULL
"43","17",NULL
"43","18",NULL
"43","22",NULL
"43","26",NULL
"43","40",NULL
"43","43",NULL
"43","64",NULL
"43","65",NULL
"43","69",NULL
"43","73",NULL
"43","74",NULL
"43","76",NULL
"43","84",NULL
"43","89",NULL
"43","94",NULL
"43","100",NULL
"43","102",NULL
"43","107",NULL
"43","109",NULL
"43","113",NULL
"43","115",NULL
"43","117",NULL
"43","122",NULL
"43","124",NULL
"43","125",NULL
"43","130",NULL
"43","132",NULL
"43","137",NULL
"43","139",NULL
"43","140",NULL
"43","142",NULL
"43","153",NULL
"43","159",NULL
"43","160",NULL
"43","162",NULL
"43","168",NULL
"43","170",NULL
"43","171",NULL
"43","176",NULL
"43","181",NULL
"43","184",NULL
"43","190",NULL
"43","194",NULL
"43","195",NULL
"43","207",NULL
"43","208",NULL
"43","211",NULL
"43","212",NULL
"43","214",NULL
"43","221",NULL
"43","223",NULL
"43","228",NULL
"43","229",NULL
"44","1",NULL
"44","2",NULL
"44","8",NULL
"44","13",NULL
"44","14",NULL
"44","15",NULL
"44","16",NULL
"44","17",NULL
"44","22",NULL
"44","39",NULL
"44","40",NULL
"44","43",NULL
"44","70",NULL
"44","94",NULL
"44","100",NULL
"44","102",NULL
"44","109",NULL
"44","113",NULL
"44","114",NULL
"44","120",NULL
"44","146",NULL
"44","147",NULL
"44","148",NULL
"44","161",NULL
"44","162",NULL
"44","164",NULL
"44","168",NULL
"44","170",NULL
"44","171",NULL
"44","175",NULL
"44","178",NULL
"44","181",NULL
"44","188",NULL
"44","189",NULL
"44","193",NULL
"44","195",NULL
"44","197",NULL
"44","198",NULL
"44","199",NULL
"44","208",NULL
"44","210",NULL
"44","213",NULL
"44","216",NULL
"44","218",NULL
"44","223",NULL
"44","228",NULL
"44","233",NULL
"45","5",NULL
"45","10",NULL
"45","19",NULL
"45","37",NULL
"45","40",NULL
"45","69",NULL
"45","76",NULL
"45","86",NULL
"45","93",NULL
"45","114",NULL
"45","157",NULL
"45","177",NULL
"45","188",NULL
"45","201",NULL
"45","204",NULL
"45","213",NULL
"45","216",NULL
"45","225",NULL
"45","231",NULL
"46","1",NULL
"46","13",NULL
"46","39",NULL
"46","55",NULL
"46","70",NULL
"46","149",NULL
"46","164",NULL
"46","167",NULL
"46","168",NULL
"46","169",NULL
"46","183",NULL
"46","201",NULL
"46","203",NULL
"46","213",NULL
"46","216",NULL
"46","218",NULL
"46","220",NULL
"46","221",NULL
"46","225",NULL
"46","235",NULL
"47","7",NULL
"47","46",NULL
"47","88",NULL
"47","91",NULL
"47","102",NULL
"47","151",NULL
"47","152",NULL
"47","164",NULL
"47","183",NULL
"47","197",NULL
"47","213",NULL
"47","216",NULL
"47","217",NULL
"47","221",NULL
"47","225",NULL
"48","12",NULL
"48","14",NULL
"48","79",NULL
"48","124",NULL
"48","140",NULL
"48","172",NULL
"48","176",NULL
"48","178",NULL
"48","185",NULL
"48","208",NULL
"49","2",NULL
"49","5",NULL
"49","8",NULL
"49","11",NULL
"49","14",NULL
"49","26",NULL
"49","40",NULL
"49","60",NULL
"49","65",NULL
"49","73",NULL
"49","83",NULL
"49","84",NULL
"49","92",NULL
"49","94",NULL
"49","101",NULL
"49","107",NULL
"49","113",NULL
"49","114",NULL
"49","122",NULL
"49","124",NULL
"49","126",NULL
"49","130",NULL
"49","132",NULL
"49","137",NULL
"49","140",NULL
"49","147",NULL
"49","149",NULL
"49","153",NULL
"49","161",NULL
"49","178",NULL
"49","181",NULL
"49","185",NULL
"49","190",NULL
"49","194",NULL
"49","196",NULL
"49","205",NULL
"49","212",NULL
"49","223",NULL
"49","227",NULL
"49","228",NULL
"49","233",NULL
"50","5",NULL
"50","37",NULL
"50","48",NULL
"50","50",NULL
"50","54",NULL
"50","73",NULL
"50","77",NULL
"50","84",NULL
"50","87",NULL
"50","97",NULL
"50","101",NULL
"50","104",NULL
"50","122",NULL
"50","141",NULL
"50","149",NULL
"50","205",NULL
"51","132",NULL
"51","145",NULL
"51","151",NULL
"51","152",NULL
"51","159",NULL
"51","164",NULL
"51","201",NULL
"51","211",NULL
"52","62",NULL
"52","126",NULL
"52","132",NULL
"52","167",NULL
"52","169",NULL
"53","62",NULL
"53","159",NULL
"53","183",NULL
"53","216",NULL
"54","8",NULL
"54","12",NULL
"54","14",NULL
"54","20",NULL
"54","26",NULL
"54","36",NULL
"54","40",NULL
"54","67",NULL
"54","76",NULL
"54","77",NULL
"54","83",NULL
"54","84",NULL
"54","93",NULL
"54","95",NULL
"54","100",NULL
"54","101",NULL
"54","107",NULL
"54","113",NULL
"54","114",NULL
"54","130",NULL
"54","131",NULL
"54","133",NULL
"54","139",NULL
"54","147",NULL
"54","157",NULL
"54","160",NULL
"54","190",NULL
"54","195",NULL
"54","209",NULL
"54","213",NULL
"54","220",NULL
"54","227",NULL
"54","233",NULL
"54","236",NULL
"54","238",NULL
"55","3",NULL
"55","5",NULL
"55","186",NULL
"55","208",NULL
"55","212",NULL
"56","6",NULL
"56","8",NULL
"56","12",NULL
"56","14",NULL
"56","15",NULL
"56","21",NULL
"56","24",NULL
"56","25",NULL
"56","29",NULL
"56","45",NULL
"56","57",NULL
"56","58",NULL
"56","63",NULL
"56","67",NULL
"56","73",NULL
"56","74",NULL
"56","76",NULL
"56","77",NULL
"56","107",NULL
"56","116",NULL
"56","125",NULL
"56","130",NULL
"56","132",NULL
"56","133",NULL
"56","135",NULL
"56","139",NULL
"56","148",NULL
"56","149",NULL
"56","153",NULL
"56","154",NULL
"56","156",NULL
"56","162",NULL
"56","178",NULL
"56","184",NULL
"56","189",NULL
"56","194",NULL
"56","195",NULL
"56","201",NULL
"56","202",NULL
"56","206",NULL
"56","213",NULL
"56","216",NULL
"56","217",NULL
"56","225",NULL
"56","230",NULL
"56","232",NULL
"56","234",NULL
"56","236",NULL
"57","5",NULL
"57","23",NULL
"57","98",NULL
"57","105",NULL
"57","187",NULL
"57","189",NULL
"57","199",NULL
"58","83",NULL
"58","132",NULL
"58","155",NULL
"58","220",NULL
"59","5",NULL
"59","8",NULL
"59","11",NULL
"59","21",NULL
"59","23",NULL
"59","25",NULL
"59","26",NULL
"59","36",NULL
"59","54",NULL
"59","73",NULL
"59","76",NULL
"59","81",NULL
"59","82",NULL
"59","83",NULL
"59","84",NULL
"59","87",NULL
"59","94",NULL
"59","99",NULL
"59","104",NULL
"59","112",NULL
"59","116",NULL
"59","120",NULL
"59","130",NULL
"59","139",NULL
"59","148",NULL
"59","149",NULL
"59","151",NULL
"59","152",NULL
"59","158",NULL
"59","183",NULL
"59","190",NULL
"59","194",NULL
"59","195",NULL
"59","199",NULL
"59","211",NULL
"59","222",NULL
"59","225",NULL
"59","226",NULL
"59","228",NULL
"60","69",NULL
"60","71",NULL
"60","86",NULL
"60","129",NULL
"60","137",NULL
"60","142",NULL
"60","170",NULL
"60","172",NULL
"60","174",NULL
"60","175",NULL
"60","176",NULL
"60","178",NULL
"60","180",NULL
"60","181",NULL
"60","184",NULL
"60","185",NULL
"60","187",NULL
"60","188",NULL
"60","198",NULL
"60","208",NULL
"60","223",NULL
"60","228",NULL
"61","7",NULL
"61","15",NULL
"61","16",NULL
"61","17",NULL
"61","19",NULL
"61","22",NULL
"61","29",NULL
"61","37",NULL
"61","41",NULL
"61","43",NULL
"61","57",NULL
"61","79",NULL
"61","84",NULL
"61","87",NULL
"61","88",NULL
"61","97",NULL
"61","102",NULL
"61","107",NULL
"61","108",NULL
"61","113",NULL
"61","115",NULL
"61","120",NULL
"61","126",NULL
"61","131",NULL
"61","147",NULL
"61","148",NULL
"61","149",NULL
"61","150",NULL
"61","151",NULL
"61","152",NULL
"61","158",NULL
"61","171",NULL
"61","182",NULL
"61","183",NULL
"61","189",NULL
"61","195",NULL
"61","199",NULL
"61","205",NULL
"61","209",NULL
"61","211",NULL
"61","217",NULL
"61","222",NULL
"61","225",NULL
"61","228",NULL
"61","229",NULL
"61","233",NULL
"61","236",NULL
"61","237",NULL
"62","6",NULL
"62","7",NULL
"62","8",NULL
"62","14",NULL
"62","21",NULL
"62","22",NULL
"62","24",NULL
"62","29",NULL
"62","31",NULL
"62","39",NULL
"62","40",NULL
"62","41",NULL
"62","43",NULL
"62","45",NULL
"62","50",NULL
"62","65",NULL
"62","67",NULL
"62","68",NULL
"62","77",NULL
"62","84",NULL
"62","87",NULL
"62","94",NULL
"62","100",NULL
"62","101",NULL
"62","113",NULL
"62","114",NULL
"62","115",NULL
"62","116",NULL
"62","120",NULL
"62","124",NULL
"62","125",NULL
"62","130",NULL
"62","132",NULL
"62","139",NULL
"62","140",NULL
"62","148",NULL
"62","157",NULL
"62","161",NULL
"62","171",NULL
"62","193",NULL
"62","195",NULL
"62","199",NULL
"62","205",NULL
"62","217",NULL
"62","223",NULL
"62","224",NULL
"62","227",NULL
"62","233",NULL
"62","234",NULL
"62","236",NULL
"63","52",NULL
"63","60",NULL
"63","118",NULL
"63","122",NULL
"63","145",NULL
"63","186",NULL
"63","187",NULL
"63","212",NULL
"63","220",NULL
"64","2",NULL
"64","14",NULL
"64","16",NULL
"64","17",NULL
"64","18",NULL
"64","26",NULL
"64","40",NULL
"64","43",NULL
"64","46",NULL
"64","52",NULL
"64","67",NULL
"64","70",NULL
"64","73",NULL
"64","81",NULL
"64","86",NULL
"64","91",NULL
"64","92",NULL
"64","100",NULL
"64","102",NULL
"64","109",NULL
"64","113",NULL
"64","114",NULL
"64","157",NULL
"64","174",NULL
"64","183",NULL
"64","195",NULL
"64","200",NULL
"64","204",NULL
"64","212",NULL
"64","214",NULL
"64","216",NULL
"64","221",NULL
"64","223",NULL
"64","228",NULL
"64","229",NULL
"65","1",NULL
"65","7",NULL
"65","15",NULL
"65","16",NULL
"65","17",NULL
"65","21",NULL
"65","22",NULL
"65","36",NULL
"65","37",NULL
"65","43",NULL
"65","46",NULL
"65","48",NULL
"65","58",NULL
"65","60",NULL
"65","62",NULL
"65","75",NULL
"65","76",NULL
"65","78",NULL
"65","83",NULL
"65","84",NULL
"65","88",NULL
"65","101",NULL
"65","102",NULL
"65","107",NULL
"65","122",NULL
"65","123",NULL
"65","131",NULL
"65","132",NULL
"65","139",NULL
"65","141",NULL
"65","151",NULL
"65","152",NULL
"65","158",NULL
"65","183",NULL
"65","206",NULL
"65","211",NULL
"65","216",NULL
"66","2",NULL
"66","16",NULL
"66","18",NULL
"66","23",NULL
"66","36",NULL
"66","43",NULL
"66","46",NULL
"66","60",NULL
"66","75",NULL
"66","83",NULL
"66","88",NULL
"66","95",NULL
"66","97",NULL
"66","101",NULL
"66","106",NULL
"66","107",NULL
"66","109",NULL
"66","114",NULL
"66","122",NULL
"66","139",NULL
"66","151",NULL
"66","152",NULL
"66","171",NULL
"66","190",NULL
"66","195",NULL
"66","206",NULL
"66","211",NULL
"66","212",NULL
"66","214",NULL
"66","223",NULL
"67","2",NULL
"67","13",NULL
"67","15",NULL
"67","16",NULL
"67","17",NULL
"67","18",NULL
"67","40",NULL
"67","64",NULL
"67","77",NULL
"67","84",NULL
"67","88",NULL
"67","91",NULL
"67","101",NULL
"67","102",NULL
"67","107",NULL
"67","113",NULL
"67","114",NULL
"67","130",NULL
"67","132",NULL
"67","137",NULL
"67","142",NULL
"67","151",NULL
"67","152",NULL
"67","155",NULL
"67","161",NULL
"67","182",NULL
"67","190",NULL
"67","195",NULL
"67","211",NULL
"67","213",NULL
"67","220",NULL
"67","221",NULL
"67","223",NULL
"67","225",NULL
"67","227",NULL
"67","228",NULL
"68","28",NULL
"68","35",NULL
"68","81",NULL
"68","119",NULL
"68","142",NULL
"68","176",NULL
"68","177",NULL
"68","186",NULL
"68","191",NULL
"68","197",NULL
"68","210",NULL
"69","3",NULL
"69","4",NULL
"69","5",NULL
"69","7",NULL
"69","8",NULL
"69","13",NULL
"69","16",NULL
"69","18",NULL
"69","21",NULL
"69","22",NULL
"69","23",NULL
"69","25",NULL
"69","29",NULL
"69","31",NULL
"69","37",NULL
"69","39",NULL
"69","44",NULL
"69","45",NULL
"69","48",NULL
"69","50",NULL
"69","54",NULL
"69","57",NULL
"69","60",NULL
"69","63",NULL
"69","65",NULL
"69","68",NULL
"69","70",NULL
"69","71",NULL
"69","82",NULL
"69","88",NULL
"69","91",NULL
"69","92",NULL
"69","97",NULL
"69","102",NULL
"69","107",NULL
"69","108",NULL
"69","113",NULL
"69","116",NULL
"69","121",NULL
"69","125",NULL
"69","146",NULL
"69","158",NULL
"69","160",NULL
"69","165",NULL
"69","166",NULL
"69","171",NULL
"69","189",NULL
"69","195",NULL
"69","199",NULL
"69","211",NULL
"69","213",NULL
"69","214",NULL
"69","216",NULL
"69","217",NULL
"69","219",NULL
"69","221",NULL
"69","224",NULL
"69","226",NULL
"69","228",NULL
"69","230",NULL
"69","232",NULL
"69","237",NULL
"70","30",NULL
"70","42",NULL
"70","44",NULL
"70","66",NULL
"70","79",NULL
"70","86",NULL
"70","88",NULL
"70","93",NULL
"70","128",NULL
"70","159",NULL
"70","169",NULL
"70","192",NULL
"70","200",NULL
"70","203",NULL
"70","207",NULL
"71","221",NULL
"71","226",NULL
"71","229",NULL
"72","28",NULL
"72","159",NULL
"73","144",NULL
"74","5",NULL
"74","6",NULL
"74","17",NULL
"74","21",NULL
"74","23",NULL
"74","25",NULL
"74","26",NULL
"74","29",NULL
"74","36",NULL
"74","45",NULL
"74","60",NULL
"74","63",NULL
"74","81",NULL
"74","83",NULL
"74","95",NULL
"74","107",NULL
"74","109",NULL
"74","125",NULL
"74","126",NULL
"74","130",NULL
"74","131",NULL
"74","139",NULL
"74","146",NULL
"74","148",NULL
"74","151",NULL
"74","152",NULL
"74","153",NULL
"74","164",NULL
"74","171",NULL
"74","177",NULL
"74","183",NULL
"74","189",NULL
"74","195",NULL
"74","199",NULL
"74","202",NULL
"74","214",NULL
"74","216",NULL
"74","217",NULL
"74","220",NULL
"74","223",NULL
"74","228",NULL
"74","230",NULL
"74","232",NULL
"74","233",NULL
"74","236",NULL
"74","238",NULL
"75","1",NULL
"75","5",NULL
"75","8",NULL
"75","11",NULL
"75","14",NULL
"75","15",NULL
"75","16",NULL
"75","18",NULL
"75","21",NULL
"75","23",NULL
"75","40",NULL
"75","50",NULL
"75","76",NULL
"75","86",NULL
"75","95",NULL
"75","107",NULL
"75","109",NULL
"75","113",NULL
"75","116",NULL
"75","130",NULL
"75","131",NULL
"75","133",NULL
"75","146",NULL
"75","170",NULL
"75","194",NULL
"75","197",NULL
"75","199",NULL
"75","202",NULL
"75","212",NULL
"75","228",NULL
"75","238",NULL
"76","28",NULL
"76","30",NULL
"76","128",NULL
"76","132",NULL
"76","151",NULL
"76","152",NULL
"76","164",NULL
"76","169",NULL
"76","216",NULL
"76","219",NULL
"77","1",NULL
"77","35",NULL
"77","56",NULL
"77","69",NULL
"77","79",NULL
"77","92",NULL
"77","111",NULL
"77","198",NULL
"78","12",NULL
"78","15",NULL
"78","17",NULL
"78","21",NULL
"78","25",NULL
"78","27",NULL
"78","32",NULL
"78","36",NULL
"78","43",NULL
"78","46",NULL
"78","48",NULL
"78","66",NULL
"78","73",NULL
"78","75",NULL
"78","78",NULL
"78","92",NULL
"78","97",NULL
"78","100",NULL
"78","113",NULL
"78","120",NULL
"78","121",NULL
"78","126",NULL
"78","130",NULL
"78","132",NULL
"78","133",NULL
"78","136",NULL
"78","141",NULL
"78","147",NULL
"78","148",NULL
"78","150",NULL
"78","162",NULL
"78","165",NULL
"78","166",NULL
"78","168",NULL
"78","171",NULL
"78","189",NULL
"78","195",NULL
"78","199",NULL
"78","211",NULL
"78","217",NULL
"78","220",NULL
"78","224",NULL
"78","228",NULL
"78","233",NULL
"78","234",NULL
"79","12",NULL
"79","71",NULL
"79","138",NULL
"79","142",NULL
"79","170",NULL
"79","171",NULL
"79","172",NULL
"79","173",NULL
"79","174",NULL
"79","176",NULL
"79","178",NULL
"79","180",NULL
"79","181",NULL
"79","202",NULL
"79","231",NULL
"80","7",NULL
"80","8",NULL
"80","9",NULL
"80","11",NULL
"80","12",NULL
"80","15",NULL
"80","17",NULL
"80","21",NULL
"80","22",NULL
"80","23",NULL
"80","24",NULL
"80","29",NULL
"80","36",NULL
"80","43",NULL
"80","46",NULL
"80","50",NULL
"80","60",NULL
"80","63",NULL
"80","67",NULL
"80","77",NULL
"80","78",NULL
"80","81",NULL
"80","83",NULL
"80","84",NULL
"80","87",NULL
"80","88",NULL
"80","91",NULL
"80","94",NULL
"80","101",NULL
"80","102",NULL
"80","114",NULL
"80","120",NULL
"80","130",NULL
"80","133",NULL
"80","139",NULL
"80","141",NULL
"80","146",NULL
"80","147",NULL
"80","148",NULL
"80","150",NULL
"80","161",NULL
"80","171",NULL
"80","195",NULL
"80","199",NULL
"80","214",NULL
"80","217",NULL
"80","218",NULL
"80","226",NULL
"80","233",NULL
"81","7",NULL
"81","15",NULL
"81","17",NULL
"81","22",NULL
"81","23",NULL
"81","25",NULL
"81","32",NULL
"81","33",NULL
"81","36",NULL
"81","37",NULL
"81","48",NULL
"81","49",NULL
"81","50",NULL
"81","54",NULL
"81","78",NULL
"81","83",NULL
"81","84",NULL
"81","88",NULL
"81","102",NULL
"81","107",NULL
"81","108",NULL
"81","121",NULL
"81","137",NULL
"81","149",NULL
"81","150",NULL
"81","151",NULL
"81","152",NULL
"81","183",NULL
"81","208",NULL
"81","211",NULL
"81","218",NULL
"81","225",NULL
"81","228",NULL
"81","238",NULL
"82","13",NULL
"82","32",NULL
"82","37",NULL
"82","48",NULL
"82","49",NULL
"82","50",NULL
"82","55",NULL
"82","57",NULL
"82","77",NULL
"82","88",NULL
"82","91",NULL
"82","132",NULL
"82","151",NULL
"82","152",NULL
"82","164",NULL
"82","167",NULL
"82","211",NULL
"82","225",NULL
"83","3",NULL
"83","116",NULL
"83","154",NULL
"83","178",NULL
"83","189",NULL
"84","7",NULL
"84","11",NULL
"84","17",NULL
"84","21",NULL
"84","27",NULL
"84","38",NULL
"84","39",NULL
"84","40",NULL
"84","54",NULL
"84","58",NULL
"84","59",NULL
"84","83",NULL
"84","88",NULL
"84","97",NULL
"84","102",NULL
"84","106",NULL
"84","107",NULL
"84","113",NULL
"84","122",NULL
"84","133",NULL
"84","134",NULL
"84","146",NULL
"84","165",NULL
"84","177",NULL
"84","195",NULL
"84","199",NULL
"84","209",NULL
"84","225",NULL
"84","226",NULL
"85","7",NULL
"85","10",NULL
"85","44",NULL
"85","51",NULL
"85","57",NULL
"85","82",NULL
"85","85",NULL
"85","108",NULL
"85","112",NULL
"85","121",NULL
"85","132",NULL
"85","134",NULL
"85","174",NULL
"85","177",NULL
"85","184",NULL
"85","186",NULL
"85","209",NULL
"85","218",NULL
"85","219",NULL
"85","224",NULL
"85","225",NULL
"86","1",NULL
"86","6",NULL
"86","9",NULL
"86","14",NULL
"86","24",NULL
"86","25",NULL
"86","31",NULL
"86","40",NULL
"86","58",NULL
"86","60",NULL
"86","67",NULL
"86","73",NULL
"86","76",NULL
"86","81",NULL
"86","83",NULL
"86","87",NULL
"86","94",NULL
"86","102",NULL
"86","103",NULL
"86","107",NULL
"86","110",NULL
"86","115",NULL
"86","120",NULL
"86","122",NULL
"86","125",NULL
"86","130",NULL
"86","132",NULL
"86","133",NULL
"86","135",NULL
"86","147",NULL
"86","148",NULL
"86","149",NULL
"86","153",NULL
"86","160",NULL
"86","161",NULL
"86","195",NULL
"86","196",NULL
"86","199",NULL
"86","205",NULL
"86","214",NULL
"86","217",NULL
"86","220",NULL
"86","222",NULL
"86","227",NULL
"86","228",NULL
"86","234",NULL
"86","236",NULL
"86","237",NULL
"87","3",NULL
"87","5",NULL
"87","6",NULL
"87","24",NULL
"87","25",NULL
"87","29",NULL
"87","34",NULL
"87","65",NULL
"87","67",NULL
"87","74",NULL
"87","83",NULL
"87","103",NULL
"87","115",NULL
"87","116",NULL
"87","117",NULL
"87","135",NULL
"87","148",NULL
"87","149",NULL
"87","154",NULL
"87","164",NULL
"87","171",NULL
"87","177",NULL
"87","182",NULL
"87","183",NULL
"87","184",NULL
"87","185",NULL
"87","186",NULL
"87","189",NULL
"87","195",NULL
"87","199",NULL
"87","206",NULL
"87","217",NULL
"87","220",NULL
"87","227",NULL
"87","230",NULL
"87","234",NULL
"87","238",NULL
"88","3",NULL
"88","5",NULL
"88","8",NULL
"88","10",NULL
"88","14",NULL
"88","15",NULL
"88","18",NULL
"88","22",NULL
"88","23",NULL
"88","40",NULL
"88","41",NULL
"88","44",NULL
"88","48",NULL
"88","64",NULL
"88","65",NULL
"88","69",NULL
"88","70",NULL
"88","83",NULL
"88","87",NULL
"88","88",NULL
"88","89",NULL
"88","92",NULL
"88","93",NULL
"88","103",NULL
"88","107",NULL
"88","116",NULL
"88","117",NULL
"88","122",NULL
"88","124",NULL
"88","125",NULL
"88","130",NULL
"88","132",NULL
"88","140",NULL
"88","161",NULL
"88","162",NULL
"88","170",NULL
"88","178",NULL
"88","182",NULL
"88","184",NULL
"88","195",NULL
"88","208",NULL
"88","216",NULL
"88","220",NULL
"88","222",NULL
"88","223",NULL
"88","228",NULL
"89","4",NULL
"89","55",NULL
"89","169",NULL
"89","191",NULL
"89","219",NULL
"90","21",NULL
"90","23",NULL
"90","24",NULL
"90","29",NULL
"90","40",NULL
"90","67",NULL
"90","74",NULL
"90","81",NULL
"90","83",NULL
"90","86",NULL
"90","98",NULL
"90","102",NULL
"90","105",NULL
"90","110",NULL
"90","116",NULL
"90","125",NULL
"90","148",NULL
"90","160",NULL
"90","168",NULL
"90","189",NULL
"90","195",NULL
"90","199",NULL
"90","212",NULL
"90","214",NULL
"90","217",NULL
"90","231",NULL
"90","237",NULL
"91","10",NULL
"91","44",NULL
"91","57",NULL
"91","73",NULL
"91","78",NULL
"91","207",NULL
"91","218",NULL
"91","224",NULL
"92","10",NULL
"92","51",NULL
"92","207",NULL
"93","52",NULL
"93","212",NULL
"94","6",NULL
"94","9",NULL
"94","11",NULL
"94","23",NULL
"94","26",NULL
"94","29",NULL
"94","83",NULL
"94","87",NULL
"94","133",NULL
"94","149",NULL
"94","171",NULL
"94","190",NULL
"94","195",NULL
"94","199",NULL
"94","222",NULL
"94","233",NULL
"94","238",NULL
"95","5",NULL
"95","17",NULL
"95","23",NULL
"95","76",NULL
"95","102",NULL
"95","114",NULL
"95","160",NULL
"95","176",NULL
"95","177",NULL
"95","186",NULL
"95","187",NULL
"95","212",NULL
"96","8",NULL
"96","17",NULL
"96","24",NULL
"96","27",NULL
"96","31",NULL
"96","38",NULL
"96","44",NULL
"96","48",NULL
"96","54",NULL
"96","59",NULL
"96","66",NULL
"96","73",NULL
"96","75",NULL
"96","82",NULL
"96","102",NULL
"96","107",NULL
"96","108",NULL
"96","133",NULL
"96","141",NULL
"96","158",NULL
"96","199",NULL
"96","226",NULL
"97","28",NULL
"97","50",NULL
"97","132",NULL
"97","144",NULL
"97","151",NULL
"97","152",NULL
"97","164",NULL
"97","169",NULL
"97","183",NULL
"97","191",NULL
"97","204",NULL
"97","210",NULL
"97","218",NULL
"97","219",NULL
"97","225",NULL
"98","143",NULL
"98","151",NULL
"98","152",NULL
"98","159",NULL
"98","177",NULL
"99","4",NULL
"99","7",NULL
"99","8",NULL
"99","9",NULL
"99","23",NULL
"99","26",NULL
"99","29",NULL
"99","38",NULL
"99","44",NULL
"99","46",NULL
"99","48",NULL
"99","63",NULL
"99","66",NULL
"99","73",NULL
"99","75",NULL
"99","78",NULL
"99","82",NULL
"99","84",NULL
"99","95",NULL
"99","101",NULL
"99","102",NULL
"99","104",NULL
"99","114",NULL
"99","121",NULL
"99","123",NULL
"99","130",NULL
"99","132",NULL
"99","148",NULL
"99","149",NULL
"99","160",NULL
"99","164",NULL
"99","165",NULL
"99","167",NULL
"99","183",NULL
"99","195",NULL
"99","205",NULL
"99","215",NULL
"99","217",NULL
"99","218",NULL
"99","220",NULL
"99","223",NULL
"99","224",NULL
"99","225",NULL
"99","226",NULL
"99","232",NULL
"100","1",NULL
"100","2",NULL
"100","5",NULL
"100","21",NULL
"100","29",NULL
"100","31",NULL
"100","43",NULL
"100","63",NULL
"100","64",NULL
"100","65",NULL
"100","67",NULL
"100","86",NULL
"100","87",NULL
"100","90",NULL
"100","92",NULL
"100","93",NULL
"100","105",NULL
"100","109",NULL
"100","111",NULL
"100","114",NULL
"100","116",NULL
"100","122",NULL
"100","125",NULL
"100","135",NULL
"100","143",NULL
"100","160",NULL
"100","174",NULL
"100","177",NULL
"100","178",NULL
"100","179",NULL
"100","183",NULL
"100","187",NULL
"100","189",NULL
"100","206",NULL
"100","217",NULL
"100","221",NULL
"100","231",NULL
"100","234",NULL
"101","5",NULL
"101","21",NULL
"101","48",NULL
"101","71",NULL
"101","116",NULL
"101","125",NULL
"101","135",NULL
"101","145",NULL
"101","148",NULL
"101","178",NULL
"101","189",NULL
"101","199",NULL
"101","206",NULL
"101","217",NULL
"101","222",NULL
"102","3",NULL
"102","5",NULL
"102","6",NULL
"102","8",NULL
"102","11",NULL
"102","15",NULL
"102","16",NULL
"102","21",NULL
"102","23",NULL
"102","26",NULL
"102","29",NULL
"102","31",NULL
"102","36",NULL
"102","39",NULL
"102","41",NULL
"102","43",NULL
"102","46",NULL
"102","48",NULL
"102","54",NULL
"102","57",NULL
"102","58",NULL
"102","59",NULL
"102","60",NULL
"102","63",NULL
"102","73",NULL
"102","75",NULL
"102","84",NULL
"102","87",NULL
"102","101",NULL
"102","104",NULL
"102","107",NULL
"102","109",NULL
"102","114",NULL
"102","121",NULL
"102","122",NULL
"102","124",NULL
"102","133",NULL
"102","139",NULL
"102","140",NULL
"102","141",NULL
"102","146",NULL
"102","147",NULL
"102","148",NULL
"102","149",NULL
"102","171",NULL
"102","190",NULL
"102","194",NULL
"102","195",NULL
"102","211",NULL
"102","214",NULL
"102","220",NULL
"102","222",NULL
"102","226",NULL
"102","228",NULL
"102","233",NULL
"102","234",NULL
"102","238",NULL
"103","4",NULL
"103","36",NULL
"103","37",NULL
"103","50",NULL
"103","57",NULL
"103","77",NULL
"103","84",NULL
"103","88",NULL
"103","97",NULL
"103","102",NULL
"103","107",NULL
"103","108",NULL
"103","132",NULL
"103","139",NULL
"103","151",NULL
"103","152",NULL
"103","183",NULL
"103","218",NULL
"104","36",NULL
"104","37",NULL
"104","54",NULL
"104","73",NULL
"104","77",NULL
"104","78",NULL
"104","109",NULL
"104","113",NULL
"104","122",NULL
"104","136",NULL
"104","151",NULL
"104","152",NULL
"104","158",NULL
"104","183",NULL
"104","209",NULL
"104","218",NULL
"104","220",NULL
"105","4",NULL
"105","39",NULL
"105","50",NULL
"105","57",NULL
"105","77",NULL
"105","78",NULL
"105","93",NULL
"105","97",NULL
"105","132",NULL
"105","151",NULL
"105","152",NULL
"105","183",NULL
"105","211",NULL
"105","225",NULL
"106","88",NULL
"106","96",NULL
"106","144",NULL
"106","151",NULL
"106","152",NULL
"106","163",NULL
"106","203",NULL
"106","218",NULL
"107","4",NULL
"107","37",NULL
"107","49",NULL
"107","50",NULL
"107","76",NULL
"107","77",NULL
"107","78",NULL
"107","132",NULL
"107","151",NULL
"107","152",NULL
"107","159",NULL
"107","169",NULL
"107","183",NULL
"107","204",NULL
"107","211",NULL
"107","216",NULL
"107","219",NULL
"107","225",NULL
"107","226",NULL
"108","44",NULL
"108","85",NULL
"109","30",NULL
"109","47",NULL
"109","96",NULL
"109","128",NULL
"109","169",NULL
"109","219",NULL
"110","1",NULL
"110","2",NULL
"110","14",NULL
"110","20",NULL
"110","22",NULL
"110","24",NULL
"110","29",NULL
"110","70",NULL
"110","71",NULL
"110","89",NULL
"110","107",NULL
"110","111",NULL
"110","117",NULL
"110","124",NULL
"110","135",NULL
"110","138",NULL
"110","140",NULL
"110","142",NULL
"110","146",NULL
"110","170",NULL
"110","172",NULL
"110","173",NULL
"110","174",NULL
"110","178",NULL
"110","181",NULL
"110","182",NULL
"110","185",NULL
"110","198",NULL
"110","208",NULL
"110","212",NULL
"110","227",NULL
"110","231",NULL
"110","233",NULL
"110","236",NULL
"111","76",NULL
"111","126",NULL
"111","132",NULL
"111","229",NULL
"112","5",NULL
"112","203",NULL
"112","204",NULL
"113","93",NULL
"113","97",NULL
"113","132",NULL
"113","151",NULL
"113","152",NULL
"113","159",NULL
"113","191",NULL
"113","213",NULL
"113","216",NULL
"113","218",NULL
"114","7",NULL
"114","44",NULL
"114","49",NULL
"114","50",NULL
"114","58",NULL
"114","59",NULL
"114","73",NULL
"114","80",NULL
"114","82",NULL
"114","106",NULL
"114","112",NULL
"114","127",NULL
"114","132",NULL
"114","134",NULL
"114","166",NULL
"114","169",NULL
"114","174",NULL
"114","209",NULL
"114","224",NULL
"115","44",NULL
"115","164",NULL
"115","169",NULL
"115","183",NULL
"115","203",NULL
"115","207",NULL
"116","2",NULL
"116","7",NULL
"116","12",NULL
"116","15",NULL
"116","17",NULL
"116","18",NULL
"116","21",NULL
"116","22",NULL
"116","23",NULL
"116","25",NULL
"116","26",NULL
"116","29",NULL
"116","31",NULL
"116","34",NULL
"116","38",NULL
"116","43",NULL
"116","46",NULL
"116","48",NULL
"116","52",NULL
"116","58",NULL
"116","65",NULL
"116","73",NULL
"116","75",NULL
"116","76",NULL
"116","83",NULL
"116","84",NULL
"116","85",NULL
"116","87",NULL
"116","101",NULL
"116","102",NULL
"116","104",NULL
"116","107",NULL
"116","110",NULL
"116","113",NULL
"116","119",NULL
"116","121",NULL
"116","123",NULL
"116","124",NULL
"116","126",NULL
"116","130",NULL
"116","133",NULL
"116","134",NULL
"116","140",NULL
"116","141",NULL
"116","145",NULL
"116","146",NULL
"116","147",NULL
"116","148",NULL
"116","149",NULL
"116","151",NULL
"116","152",NULL
"116","153",NULL
"116","154",NULL
"116","158",NULL
"116","159",NULL
"116","160",NULL
"116","162",NULL
"116","167",NULL
"116","171",NULL
"116","177",NULL
"116","182",NULL
"116","183",NULL
"116","184",NULL
"116","187",NULL
"116","189",NULL
"116","190",NULL
"116","193",NULL
"116","194",NULL
"116","195",NULL
"116","196",NULL
"116","199",NULL
"116","204",NULL
"116","206",NULL
"116","208",NULL
"116","209",NULL
"116","211",NULL
"116","213",NULL
"116","216",NULL
"116","217",NULL
"116","218",NULL
"116","220",NULL
"116","221",NULL
"116","222",NULL
"116","223",NULL
"116","224",NULL
"116","225",NULL
"116","226",NULL
"116","228",NULL
"116","229",NULL
"116","232",NULL
"116","233",NULL
"116","236",NULL
"116","238",NULL
"117","7",NULL
"117","12",NULL
"117","21",NULL
"117","23",NULL
"117","24",NULL
"117","36",NULL
"117","44",NULL
"117","45",NULL
"117","48",NULL
"117","60",NULL
"117","74",NULL
"117","76",NULL
"117","81",NULL
"117","83",NULL
"117","84",NULL
"117","87",NULL
"117","101",NULL
"117","105",NULL
"117","116",NULL
"117","125",NULL
"117","126",NULL
"117","133",NULL
"117","135",NULL
"117","148",NULL
"117","149",NULL
"117","153",NULL
"117","177",NULL
"117","187",NULL
"117","190",NULL
"117","194",NULL
"117","199",NULL
"117","202",NULL
"117","205",NULL
"117","212",NULL
"117","217",NULL
"117","223",NULL
"117","230",NULL
"117","232",NULL
"118","6",NULL
"118","8",NULL
"118","9",NULL
"118","11",NULL
"118","16",NULL
"118","17",NULL
"118","21",NULL
"118","36",NULL
"118","40",NULL
"118","45",NULL
"118","67",NULL
"118","83",NULL
"118","94",NULL
"118","95",NULL
"118","107",NULL
"118","113",NULL
"118","126",NULL
"118","139",NULL
"118","148",NULL
"118","149",NULL
"118","154",NULL
"118","160",NULL
"118","171",NULL
"118","174",NULL
"118","194",NULL
"118","199",NULL
"118","202",NULL
"118","212",NULL
"118","214",NULL
"118","232",NULL
"118","234",NULL
"118","238",NULL
"119","5",NULL
"119","32",NULL
"119","40",NULL
"119","59",NULL
"119","63",NULL
"119","64",NULL
"119","69",NULL
"119","74",NULL
"119","76",NULL
"119","77",NULL
"119","81",NULL
"119","82",NULL
"119","87",NULL
"119","89",NULL
"119","95",NULL
"119","100",NULL
"119","106",NULL
"119","109",NULL
"119","114",NULL
"119","116",NULL
"119","132",NULL
"119","133",NULL
"119","135",NULL
"119","143",NULL
"119","146",NULL
"119","147",NULL
"119","154",NULL
"119","160",NULL
"119","177",NULL
"119","180",NULL
"119","184",NULL
"119","186",NULL
"119","194",NULL
"119","195",NULL
"119","199",NULL
"119","202",NULL
"119","205",NULL
"119","208",NULL
"119","212",NULL
"119","214",NULL
"119","238",NULL
"120","4",NULL
"120","7",NULL
"120","27",NULL
"120","38",NULL
"120","58",NULL
"120","68",NULL
"120","73",NULL
"120","77",NULL
"120","85",NULL
"120","99",NULL
"120","112",NULL
"120","121",NULL
"120","134",NULL
"120","158",NULL
"120","159",NULL
"120","165",NULL
"120","183",NULL
"120","209",NULL
"120","210",NULL
"120","215",NULL
"120","216",NULL
"120","218",NULL
"120","224",NULL
"120","225",NULL
"120","226",NULL
"121","4",NULL
"121","10",NULL
"121","44",NULL
"121","46",NULL
"121","51",NULL
"121","54",NULL
"121","73",NULL
"121","99",NULL
"121","112",NULL
"121","121",NULL
"121","132",NULL
"121","133",NULL
"121","134",NULL
"121","149",NULL
"121","158",NULL
"121","165",NULL
"121","207",NULL
"121","209",NULL
"121","215",NULL
"121","226",NULL
"122","5",NULL
"122","6",NULL
"122","7",NULL
"122","9",NULL
"122","11",NULL
"122","12",NULL
"122","14",NULL
"122","21",NULL
"122","23",NULL
"122","24",NULL
"122","25",NULL
"122","26",NULL
"122","43",NULL
"122","100",NULL
"122","103",NULL
"122","116",NULL
"122","120",NULL
"122","124",NULL
"122","125",NULL
"122","135",NULL
"122","140",NULL
"122","146",NULL
"122","149",NULL
"122","153",NULL
"122","156",NULL
"122","174",NULL
"122","176",NULL
"122","177",NULL
"122","193",NULL
"122","199",NULL
"122","217",NULL
"122","227",NULL
"122","234",NULL
"123","114",NULL
"123","117",NULL
"123","145",NULL
"123","186",NULL
"124","3",NULL
"124","5",NULL
"124","20",NULL
"124","56",NULL
"124","69",NULL
"124","71",NULL
"124","86",NULL
"124","111",NULL
"124","113",NULL
"124","124",NULL
"124","135",NULL
"124","140",NULL
"124","142",NULL
"124","143",NULL
"124","170",NULL
"124","175",NULL
"124","176",NULL
"124","177",NULL
"124","182",NULL
"124","221",NULL
"124","223",NULL
"124","228",NULL
"125","5",NULL
"125","7",NULL
"125","12",NULL
"125","14",NULL
"125","15",NULL
"125","16",NULL
"125","21",NULL
"125","22",NULL
"125","29",NULL
"125","31",NULL
"125","43",NULL
"125","63",NULL
"125","76",NULL
"125","81",NULL
"125","83",NULL
"125","84",NULL
"125","87",NULL
"125","94",NULL
"125","107",NULL
"125","108",NULL
"125","112",NULL
"125","113",NULL
"125","115",NULL
"125","120",NULL
"125","124",NULL
"125","125",NULL
"125","133",NULL
"125","134",NULL
"125","139",NULL
"125","140",NULL
"125","142",NULL
"125","153",NULL
"125","154",NULL
"125","157",NULL
"125","160",NULL
"125","161",NULL
"125","171",NULL
"125","176",NULL
"125","178",NULL
"125","181",NULL
"125","184",NULL
"125","185",NULL
"125","187",NULL
"125","188",NULL
"125","189",NULL
"125","195",NULL
"125","199",NULL
"125","201",NULL
"125","203",NULL
"125","204",NULL
"125","206",NULL
"125","210",NULL
"125","213",NULL
"125","214",NULL
"125","216",NULL
"125","217",NULL
"125","218",NULL
"125","224",NULL
"125","226",NULL
"125","232",NULL
"125","233",NULL
"125","234",NULL
"126","10",NULL
"126","18",NULL
"126","85",NULL
"126","192",NULL
"126","198",NULL
"126","200",NULL
"126","235",NULL
"127","71",NULL
"129","105",NULL
"129","135",NULL
"129","179",NULL
"129","192",NULL
"129","200",NULL
"131","48",NULL
"131","71",NULL
"131","80",NULL
"131","86",NULL
"131","95",NULL
"131","154",NULL
"131","172",NULL
"131","176",NULL
"131","189",NULL
"131","192",NULL
"131","195",NULL
"131","197",NULL
"131","200",NULL
"131","206",NULL
"131","208",NULL
"132","135",NULL
"133","105",NULL
"133","179",NULL
"133","195",NULL
"133","200",NULL
